{
  "overall": {
    "n_queries": 100,
    "ndcg_at_10": 0.5366960336307478,
    "mrr": 0.54,
    "p_at_5": 0.398,
    "p_at_10": 0.241,
    "r_at_10": 0.6197857142857143
  },
  "by_class": {
    "natural_language": {
      "n_queries": 20,
      "ndcg_at_10": 0.8430053698647368,
      "mrr": 0.85,
      "p_at_5": 0.58,
      "p_at_10": 0.32999999999999996,
      "r_at_10": 0.8583333333333332
    },
    "stack_trace": {
      "n_queries": 20,
      "ndcg_at_10": 0.8904747982890022,
      "mrr": 0.9,
      "p_at_5": 0.6900000000000002,
      "p_at_10": 0.3950000000000001,
      "r_at_10": 0.9416666666666668
    },
    "code_snippet": {
      "n_queries": 20,
      "ndcg_at_10": 0.0,
      "mrr": 0.0,
      "p_at_5": 0.0,
      "p_at_10": 0.0,
      "r_at_10": 0.0
    },
    "tool_typed": {
      "n_queries": 20,
      "ndcg_at_10": 0.0,
      "mrr": 0.0,
      "p_at_5": 0.0,
      "p_at_10": 0.0,
      "r_at_10": 0.0
    },
    "symbolic_path": {
      "n_queries": 20,
      "ndcg_at_10": 0.95,
      "mrr": 0.95,
      "p_at_5": 0.72,
      "p_at_10": 0.4799999999999998,
      "r_at_10": 1.2989285714285712
    }
  },
  "query_latency_p95_ms": 113,
  "corpus_size": {
    "sessions": 500,
    "turns": 1747,
    "tool_calls": 1819,
    "file_diffs": 692
  }
}